FAMILY,PERCENTAGE
4,0.228915663
6,0.192771084
3,0.180722892
5,0.13253012
2,0.120481928
1,0.084337349
7,0.024096386
0,0.024096386
8,0.012048193
