SEX,PERCENTAGE
F,0.596899225
M,0.403100775
