,PEOPLE,PROJECT BENEFICIARIES,PROJECT PARTICIPANTS,PEOPLE/TOTAL PEOPLE,PROJECTS/TOTAL PROJECTS,TIES BASED ON INITIAL DATA,TIES OBTAINED THROUGH LITERATURE,FAMILY TIES,FRIENDS TIES,WORK TIES,PROJECT TIES,MiFiMa,Maji,PiantalaSubito,TupoPamoja,Mambo,Baiskeli,Mwalimu,Microcredito,ManiAfrica,BeAble
Khesa Mgagao,2097,4,4,0.1474165202108963,0.000798562587342783,3996,7815,3990,2425,1394,6,4.0,,,,,,,,,
Kitowo,2846,2603,6,0.20007029876977153,0.519664603713316,5514,10477,5499,3242,1721,15,6.0,2597.0,,,,,,,,
Mawambala,2900,924,60,0.2038664323374341,0.18446795767618288,7329,12158,5559,3147,1682,1770,,864.0,60.0,,,,,,,
Pomerini,3153,1473,609,0.22165202108963092,0.29407067278897986,116854,122500,6012,3611,2035,110842,44.0,864.0,467.0,38.0,17.0,17.0,13.0,8.0,3.0,2.0
Ukumbi,3229,5,5,0.22699472759226713,0.0009982032341784787,6220,11634,6210,3523,1891,10,5.0,,,,,,,,,
