,PEOPLE,PROJECT PARTICIPANTS,PEOPLE/TOTAL PEOPLE,PROJECT/TOTAL PROJECT,TIES BASED ON INITIAL DATA,TIES OBTAINED THROUGH LITERATURE,MiFiMa,Maji,PiantalaSubito,TupoPamoja,Baiskeli,Mambo,Mwalimu,Microcredito,ManiAfrica,BeAble
Khesa Mgagao,2097,4,0.1474165202108963,0.000798562587342783,4251,7925,4.0,,,,,,,,,
Kitowo,2846,2603,0.20007029876977153,0.519664603713316,5854,11061,6.0,2597.0,,,,,,,,
Mawambala,2900,924,0.2038664323374341,0.18446795767618288,7683,12729,,864.0,60.0,,,,,,,
Pomerini,3153,1473,0.22165202108963092,0.29407067278897986,117246,122728,44.0,864.0,467.0,38.0,17.0,17.0,13.0,8.0,3.0,2.0
Ukumbi,3229,5,0.22699472759226713,0.0009982032341784787,6647,12387,5.0,,,,,,,,,
